season,phase,competition_group,competition,position,team,played,won,drawn,lost,goals_for,goals_against,goal_difference,points,standings_url,scraped_at
2025-2026,Phase 1,EH Adult EHL Womens,Womens Premier Division,1,Surbiton W1,11,9,2,0,47,11,36,29,https://www.englandhockey.co.uk/competitions/2025-2026-4585604-eh-adult-ehl-womens-group-4585802-womens-premier-division/table?season=e9427139-5a57-4841-ab3e-1087bf72678e&competition-group=edd72a6f-8bb4-46ad-80c8-2018f8399e8f&competition=3a9366a6-1877-413e-b94e-816229092c51,2026-01-31T20:43:04
2025-2026,Phase 1,EH Adult EHL Womens,Womens Premier Division,2,Hampstead & Westminster W1,11,8,1,2,30,10,20,25,https://www.englandhockey.co.uk/competitions/2025-2026-4585604-eh-adult-ehl-womens-group-4585802-womens-premier-division/table?season=e9427139-5a57-4841-ab3e-1087bf72678e&competition-group=edd72a6f-8bb4-46ad-80c8-2018f8399e8f&competition=3a9366a6-1877-413e-b94e-816229092c51,2026-01-31T20:43:04
2025-2026,Phase 1,EH Adult EHL Womens,Womens Premier Division,3,East Grinstead W1,11,8,1,2,24,16,8,25,https://www.englandhockey.co.uk/competitions/2025-2026-4585604-eh-adult-ehl-womens-group-4585802-womens-premier-division/table?season=e9427139-5a57-4841-ab3e-1087bf72678e&competition-group=edd72a6f-8bb4-46ad-80c8-2018f8399e8f&competition=3a9366a6-1877-413e-b94e-816229092c51,2026-01-31T20:43:04
2025-2026,Phase 1,EH Adult EHL Womens,Womens Premier Division,4,Reading 1,11,6,2,3,22,14,8,20,https://www.englandhockey.co.uk/competitions/2025-2026-4585604-eh-adult-ehl-womens-group-4585802-womens-premier-division/table?season=e9427139-5a57-4841-ab3e-1087bf72678e&competition-group=edd72a6f-8bb4-46ad-80c8-2018f8399e8f&competition=3a9366a6-1877-413e-b94e-816229092c51,2026-01-31T20:43:05
2025-2026,Phase 1,EH Adult EHL Womens,Womens Premier Division,5,Wimbledon W1,11,5,4,2,19,11,8,19,https://www.englandhockey.co.uk/competitions/2025-2026-4585604-eh-adult-ehl-womens-group-4585802-womens-premier-division/table?season=e9427139-5a57-4841-ab3e-1087bf72678e&competition-group=edd72a6f-8bb4-46ad-80c8-2018f8399e8f&competition=3a9366a6-1877-413e-b94e-816229092c51,2026-01-31T20:43:05
2025-2026,Phase 1,EH Adult EHL Womens,Womens Premier Division,6,Durham University 1,11,5,0,6,29,21,8,15,https://www.englandhockey.co.uk/competitions/2025-2026-4585604-eh-adult-ehl-womens-group-4585802-womens-premier-division/table?season=e9427139-5a57-4841-ab3e-1087bf72678e&competition-group=edd72a6f-8bb4-46ad-80c8-2018f8399e8f&competition=3a9366a6-1877-413e-b94e-816229092c51,2026-01-31T20:43:05
2025-2026,Phase 1,EH Adult EHL Womens,Womens Premier Division,7,Loughborough Students W1,11,4,3,4,17,24,-7,15,https://www.englandhockey.co.uk/competitions/2025-2026-4585604-eh-adult-ehl-womens-group-4585802-womens-premier-division/table?season=e9427139-5a57-4841-ab3e-1087bf72678e&competition-group=edd72a6f-8bb4-46ad-80c8-2018f8399e8f&competition=3a9366a6-1877-413e-b94e-816229092c51,2026-01-31T20:43:05
2025-2026,Phase 1,EH Adult EHL Womens,Womens Premier Division,8,University of Birmingham W1,11,3,3,5,19,23,-4,12,https://www.englandhockey.co.uk/competitions/2025-2026-4585604-eh-adult-ehl-womens-group-4585802-womens-premier-division/table?season=e9427139-5a57-4841-ab3e-1087bf72678e&competition-group=edd72a6f-8bb4-46ad-80c8-2018f8399e8f&competition=3a9366a6-1877-413e-b94e-816229092c51,2026-01-31T20:43:05
2025-2026,Phase 1,EH Adult EHL Womens,Womens Premier Division,9,Bowdon 1,11,3,2,6,15,22,-7,11,https://www.englandhockey.co.uk/competitions/2025-2026-4585604-eh-adult-ehl-womens-group-4585802-womens-premier-division/table?season=e9427139-5a57-4841-ab3e-1087bf72678e&competition-group=edd72a6f-8bb4-46ad-80c8-2018f8399e8f&competition=3a9366a6-1877-413e-b94e-816229092c51,2026-01-31T20:43:05
2025-2026,Phase 1,EH Adult EHL Womens,Womens Premier Division,10,Clifton Robinsons 1,11,2,2,7,16,28,-12,8,https://www.englandhockey.co.uk/competitions/2025-2026-4585604-eh-adult-ehl-womens-group-4585802-womens-premier-division/table?season=e9427139-5a57-4841-ab3e-1087bf72678e&competition-group=edd72a6f-8bb4-46ad-80c8-2018f8399e8f&competition=3a9366a6-1877-413e-b94e-816229092c51,2026-01-31T20:43:05
2025-2026,Phase 1,EH Adult EHL Womens,Womens Premier Division,11,University of Nottingham 1,11,1,2,8,13,46,-33,5,https://www.englandhockey.co.uk/competitions/2025-2026-4585604-eh-adult-ehl-womens-group-4585802-womens-premier-division/table?season=e9427139-5a57-4841-ab3e-1087bf72678e&competition-group=edd72a6f-8bb4-46ad-80c8-2018f8399e8f&competition=3a9366a6-1877-413e-b94e-816229092c51,2026-01-31T20:43:05
2025-2026,Phase 1,EH Adult EHL Womens,Womens Premier Division,12,Barnes W1,11,1,0,10,12,37,-25,3,https://www.englandhockey.co.uk/competitions/2025-2026-4585604-eh-adult-ehl-womens-group-4585802-womens-premier-division/table?season=e9427139-5a57-4841-ab3e-1087bf72678e&competition-group=edd72a6f-8bb4-46ad-80c8-2018f8399e8f&competition=3a9366a6-1877-413e-b94e-816229092c51,2026-01-31T20:43:05
2025-2026,Phase 2,EH Adult EHL Womens,Womens Premier Division Phase 2 Top 6,1,Surbiton W1,11,9,2,0,47,11,36,29,https://www.englandhockey.co.uk/competitions/2025-2026-4585604-eh-adult-ehl-womens-group-4585802-womens-premier-division/table?season=e9427139-5a57-4841-ab3e-1087bf72678e&competition-group=edd72a6f-8bb4-46ad-80c8-2018f8399e8f&competition=a62d31b0-7e0b-4c23-a529-0e0a3498f63e,2026-01-31T20:43:41
2025-2026,Phase 2,EH Adult EHL Womens,Womens Premier Division Phase 2 Top 6,2,Hampstead & Westminster W1,11,8,1,2,30,10,20,25,https://www.englandhockey.co.uk/competitions/2025-2026-4585604-eh-adult-ehl-womens-group-4585802-womens-premier-division/table?season=e9427139-5a57-4841-ab3e-1087bf72678e&competition-group=edd72a6f-8bb4-46ad-80c8-2018f8399e8f&competition=a62d31b0-7e0b-4c23-a529-0e0a3498f63e,2026-01-31T20:43:42
2025-2026,Phase 2,EH Adult EHL Womens,Womens Premier Division Phase 2 Top 6,3,East Grinstead W1,11,8,1,2,24,16,8,25,https://www.englandhockey.co.uk/competitions/2025-2026-4585604-eh-adult-ehl-womens-group-4585802-womens-premier-division/table?season=e9427139-5a57-4841-ab3e-1087bf72678e&competition-group=edd72a6f-8bb4-46ad-80c8-2018f8399e8f&competition=a62d31b0-7e0b-4c23-a529-0e0a3498f63e,2026-01-31T20:43:42
2025-2026,Phase 2,EH Adult EHL Womens,Womens Premier Division Phase 2 Top 6,4,Reading 1,11,6,2,3,22,14,8,20,https://www.englandhockey.co.uk/competitions/2025-2026-4585604-eh-adult-ehl-womens-group-4585802-womens-premier-division/table?season=e9427139-5a57-4841-ab3e-1087bf72678e&competition-group=edd72a6f-8bb4-46ad-80c8-2018f8399e8f&competition=a62d31b0-7e0b-4c23-a529-0e0a3498f63e,2026-01-31T20:43:42
2025-2026,Phase 2,EH Adult EHL Womens,Womens Premier Division Phase 2 Top 6,5,Wimbledon W1,11,5,4,2,19,11,8,19,https://www.englandhockey.co.uk/competitions/2025-2026-4585604-eh-adult-ehl-womens-group-4585802-womens-premier-division/table?season=e9427139-5a57-4841-ab3e-1087bf72678e&competition-group=edd72a6f-8bb4-46ad-80c8-2018f8399e8f&competition=a62d31b0-7e0b-4c23-a529-0e0a3498f63e,2026-01-31T20:43:42
2025-2026,Phase 2,EH Adult EHL Womens,Womens Premier Division Phase 2 Top 6,6,Durham University 1,11,5,0,6,29,21,8,15,https://www.englandhockey.co.uk/competitions/2025-2026-4585604-eh-adult-ehl-womens-group-4585802-womens-premier-division/table?season=e9427139-5a57-4841-ab3e-1087bf72678e&competition-group=edd72a6f-8bb4-46ad-80c8-2018f8399e8f&competition=a62d31b0-7e0b-4c23-a529-0e0a3498f63e,2026-01-31T20:43:42
2025-2026,Phase 2,EH Adult EHL Womens,Womens Premier Division Phase 2 Lower 6,1,Loughborough Students W1,11,4,3,4,17,24,-7,15,https://www.englandhockey.co.uk/competitions/2025-2026-4585604-eh-adult-ehl-womens-group-4585802-womens-premier-division/table?season=e9427139-5a57-4841-ab3e-1087bf72678e&competition-group=edd72a6f-8bb4-46ad-80c8-2018f8399e8f&competition=f9f65627-dd7c-4f3b-9da1-4d39f72c1f08,2026-01-31T20:44:17
2025-2026,Phase 2,EH Adult EHL Womens,Womens Premier Division Phase 2 Lower 6,2,University of Birmingham W1,11,3,3,5,19,23,-4,12,https://www.englandhockey.co.uk/competitions/2025-2026-4585604-eh-adult-ehl-womens-group-4585802-womens-premier-division/table?season=e9427139-5a57-4841-ab3e-1087bf72678e&competition-group=edd72a6f-8bb4-46ad-80c8-2018f8399e8f&competition=f9f65627-dd7c-4f3b-9da1-4d39f72c1f08,2026-01-31T20:44:17
2025-2026,Phase 2,EH Adult EHL Womens,Womens Premier Division Phase 2 Lower 6,3,Bowdon 1,11,3,2,6,15,22,-7,11,https://www.englandhockey.co.uk/competitions/2025-2026-4585604-eh-adult-ehl-womens-group-4585802-womens-premier-division/table?season=e9427139-5a57-4841-ab3e-1087bf72678e&competition-group=edd72a6f-8bb4-46ad-80c8-2018f8399e8f&competition=f9f65627-dd7c-4f3b-9da1-4d39f72c1f08,2026-01-31T20:44:17
2025-2026,Phase 2,EH Adult EHL Womens,Womens Premier Division Phase 2 Lower 6,4,Clifton Robinsons 1,11,2,2,7,16,28,-12,8,https://www.englandhockey.co.uk/competitions/2025-2026-4585604-eh-adult-ehl-womens-group-4585802-womens-premier-division/table?season=e9427139-5a57-4841-ab3e-1087bf72678e&competition-group=edd72a6f-8bb4-46ad-80c8-2018f8399e8f&competition=f9f65627-dd7c-4f3b-9da1-4d39f72c1f08,2026-01-31T20:44:17
2025-2026,Phase 2,EH Adult EHL Womens,Womens Premier Division Phase 2 Lower 6,5,University of Nottingham 1,11,1,2,8,13,46,-33,5,https://www.englandhockey.co.uk/competitions/2025-2026-4585604-eh-adult-ehl-womens-group-4585802-womens-premier-division/table?season=e9427139-5a57-4841-ab3e-1087bf72678e&competition-group=edd72a6f-8bb4-46ad-80c8-2018f8399e8f&competition=f9f65627-dd7c-4f3b-9da1-4d39f72c1f08,2026-01-31T20:44:18
2025-2026,Phase 2,EH Adult EHL Womens,Womens Premier Division Phase 2 Lower 6,6,Barnes W1,11,1,0,10,12,37,-25,3,https://www.englandhockey.co.uk/competitions/2025-2026-4585604-eh-adult-ehl-womens-group-4585802-womens-premier-division/table?season=e9427139-5a57-4841-ab3e-1087bf72678e&competition-group=edd72a6f-8bb4-46ad-80c8-2018f8399e8f&competition=f9f65627-dd7c-4f3b-9da1-4d39f72c1f08,2026-01-31T20:44:18
2025-2026,,EH Adult EHL Womens,Womens Division 1 North,1,Buckingham W1,11,8,2,1,28,10,18,26,https://www.englandhockey.co.uk/competitions/2025-2026-4585604-eh-adult-ehl-womens-group-4585802-womens-premier-division/table?season=e9427139-5a57-4841-ab3e-1087bf72678e&competition-group=edd72a6f-8bb4-46ad-80c8-2018f8399e8f&competition=9fba25c1-c8e9-486c-be1a-a017e8d7e0e8,2026-01-31T20:44:53
2025-2026,,EH Adult EHL Womens,Womens Division 1 North,2,Gloucester City 1,11,5,4,2,31,21,10,19,https://www.englandhockey.co.uk/competitions/2025-2026-4585604-eh-adult-ehl-womens-group-4585802-womens-premier-division/table?season=e9427139-5a57-4841-ab3e-1087bf72678e&competition-group=edd72a6f-8bb4-46ad-80c8-2018f8399e8f&competition=9fba25c1-c8e9-486c-be1a-a017e8d7e0e8,2026-01-31T20:44:53
2025-2026,,EH Adult EHL Womens,Womens Division 1 North,3,Beeston W1,11,5,2,4,17,17,0,17,https://www.englandhockey.co.uk/competitions/2025-2026-4585604-eh-adult-ehl-womens-group-4585802-womens-premier-division/table?season=e9427139-5a57-4841-ab3e-1087bf72678e&competition-group=edd72a6f-8bb4-46ad-80c8-2018f8399e8f&competition=9fba25c1-c8e9-486c-be1a-a017e8d7e0e8,2026-01-31T20:44:54
2025-2026,,EH Adult EHL Womens,Womens Division 1 North,4,Sutton Coldfield 1,10,5,1,4,25,19,6,16,https://www.englandhockey.co.uk/competitions/2025-2026-4585604-eh-adult-ehl-womens-group-4585802-womens-premier-division/table?season=e9427139-5a57-4841-ab3e-1087bf72678e&competition-group=edd72a6f-8bb4-46ad-80c8-2018f8399e8f&competition=9fba25c1-c8e9-486c-be1a-a017e8d7e0e8,2026-01-31T20:44:54
2025-2026,,EH Adult EHL Womens,Womens Division 1 North,5,Loughborough Students 2,11,4,3,4,20,19,1,15,https://www.englandhockey.co.uk/competitions/2025-2026-4585604-eh-adult-ehl-womens-group-4585802-womens-premier-division/table?season=e9427139-5a57-4841-ab3e-1087bf72678e&competition-group=edd72a6f-8bb4-46ad-80c8-2018f8399e8f&competition=9fba25c1-c8e9-486c-be1a-a017e8d7e0e8,2026-01-31T20:44:54
2025-2026,,EH Adult EHL Womens,Womens Division 1 North,6,Leeds 1,11,4,1,6,22,22,0,13,https://www.englandhockey.co.uk/competitions/2025-2026-4585604-eh-adult-ehl-womens-group-4585802-womens-premier-division/table?season=e9427139-5a57-4841-ab3e-1087bf72678e&competition-group=edd72a6f-8bb4-46ad-80c8-2018f8399e8f&competition=9fba25c1-c8e9-486c-be1a-a017e8d7e0e8,2026-01-31T20:44:54
2025-2026,,EH Adult EHL Womens,Womens Division 1 North,7,Ben Rhydding W1,10,4,1,5,10,18,-8,13,https://www.englandhockey.co.uk/competitions/2025-2026-4585604-eh-adult-ehl-womens-group-4585802-womens-premier-division/table?season=e9427139-5a57-4841-ab3e-1087bf72678e&competition-group=edd72a6f-8bb4-46ad-80c8-2018f8399e8f&competition=9fba25c1-c8e9-486c-be1a-a017e8d7e0e8,2026-01-31T20:44:54
2025-2026,,EH Adult EHL Womens,Womens Division 1 North,8,Pendle Forest 1,11,3,4,4,9,17,-8,13,https://www.englandhockey.co.uk/competitions/2025-2026-4585604-eh-adult-ehl-womens-group-4585802-womens-premier-division/table?season=e9427139-5a57-4841-ab3e-1087bf72678e&competition-group=edd72a6f-8bb4-46ad-80c8-2018f8399e8f&competition=9fba25c1-c8e9-486c-be1a-a017e8d7e0e8,2026-01-31T20:44:54
2025-2026,,EH Adult EHL Womens,Womens Division 1 North,9,Repton W1,11,2,4,5,10,18,-8,10,https://www.englandhockey.co.uk/competitions/2025-2026-4585604-eh-adult-ehl-womens-group-4585802-womens-premier-division/table?season=e9427139-5a57-4841-ab3e-1087bf72678e&competition-group=edd72a6f-8bb4-46ad-80c8-2018f8399e8f&competition=9fba25c1-c8e9-486c-be1a-a017e8d7e0e8,2026-01-31T20:44:54
2025-2026,,EH Adult EHL Womens,Womens Division 1 North,10,Olton & West Warwicks 1,11,2,2,7,11,22,-11,8,https://www.englandhockey.co.uk/competitions/2025-2026-4585604-eh-adult-ehl-womens-group-4585802-womens-premier-division/table?season=e9427139-5a57-4841-ab3e-1087bf72678e&competition-group=edd72a6f-8bb4-46ad-80c8-2018f8399e8f&competition=9fba25c1-c8e9-486c-be1a-a017e8d7e0e8,2026-01-31T20:44:54
2025-2026,,EH Adult EHL Womens,Womens Division 1 South,1,Teddington W1,11,9,1,1,28,7,21,28,https://www.englandhockey.co.uk/competitions/2025-2026-4585604-eh-adult-ehl-womens-group-4585802-womens-premier-division/table?season=e9427139-5a57-4841-ab3e-1087bf72678e&competition-group=edd72a6f-8bb4-46ad-80c8-2018f8399e8f&competition=f9cacb04-850a-4b0c-9c86-22ca743091c3,2026-01-31T20:45:31
2025-2026,,EH Adult EHL Womens,Womens Division 1 South,2,University of Exeter W1,10,8,1,1,30,17,13,25,https://www.englandhockey.co.uk/competitions/2025-2026-4585604-eh-adult-ehl-womens-group-4585802-womens-premier-division/table?season=e9427139-5a57-4841-ab3e-1087bf72678e&competition-group=edd72a6f-8bb4-46ad-80c8-2018f8399e8f&competition=f9cacb04-850a-4b0c-9c86-22ca743091c3,2026-01-31T20:45:31
2025-2026,,EH Adult EHL Womens,Womens Division 1 South,3,Reading 2,11,6,2,3,18,15,3,20,https://www.englandhockey.co.uk/competitions/2025-2026-4585604-eh-adult-ehl-womens-group-4585802-womens-premier-division/table?season=e9427139-5a57-4841-ab3e-1087bf72678e&competition-group=edd72a6f-8bb4-46ad-80c8-2018f8399e8f&competition=f9cacb04-850a-4b0c-9c86-22ca743091c3,2026-01-31T20:45:31
2025-2026,,EH Adult EHL Womens,Womens Division 1 South,4,Holcombe W1,10,5,2,3,24,16,8,17,https://www.englandhockey.co.uk/competitions/2025-2026-4585604-eh-adult-ehl-womens-group-4585802-womens-premier-division/table?season=e9427139-5a57-4841-ab3e-1087bf72678e&competition-group=edd72a6f-8bb4-46ad-80c8-2018f8399e8f&competition=f9cacb04-850a-4b0c-9c86-22ca743091c3,2026-01-31T20:45:31
2025-2026,,EH Adult EHL Womens,Womens Division 1 South,5,Bristol Firebrands 1,11,5,2,4,25,24,1,17,https://www.englandhockey.co.uk/competitions/2025-2026-4585604-eh-adult-ehl-womens-group-4585802-womens-premier-division/table?season=e9427139-5a57-4841-ab3e-1087bf72678e&competition-group=edd72a6f-8bb4-46ad-80c8-2018f8399e8f&competition=f9cacb04-850a-4b0c-9c86-22ca743091c3,2026-01-31T20:45:31
2025-2026,,EH Adult EHL Womens,Womens Division 1 South,6,Surbiton W2,11,4,3,4,28,17,11,15,https://www.englandhockey.co.uk/competitions/2025-2026-4585604-eh-adult-ehl-womens-group-4585802-womens-premier-division/table?season=e9427139-5a57-4841-ab3e-1087bf72678e&competition-group=edd72a6f-8bb4-46ad-80c8-2018f8399e8f&competition=f9cacb04-850a-4b0c-9c86-22ca743091c3,2026-01-31T20:45:31
2025-2026,,EH Adult EHL Womens,Womens Division 1 South,7,Southgate W1,11,3,3,5,19,23,-4,12,https://www.englandhockey.co.uk/competitions/2025-2026-4585604-eh-adult-ehl-womens-group-4585802-womens-premier-division/table?season=e9427139-5a57-4841-ab3e-1087bf72678e&competition-group=edd72a6f-8bb4-46ad-80c8-2018f8399e8f&competition=f9cacb04-850a-4b0c-9c86-22ca743091c3,2026-01-31T20:45:31
2025-2026,,EH Adult EHL Womens,Womens Division 1 South,8,Sevenoaks 1,11,3,3,5,17,27,-10,12,https://www.englandhockey.co.uk/competitions/2025-2026-4585604-eh-adult-ehl-womens-group-4585802-womens-premier-division/table?season=e9427139-5a57-4841-ab3e-1087bf72678e&competition-group=edd72a6f-8bb4-46ad-80c8-2018f8399e8f&competition=f9cacb04-850a-4b0c-9c86-22ca743091c3,2026-01-31T20:45:31
2025-2026,,EH Adult EHL Womens,Womens Division 1 South,9,Guildford 1,11,2,1,8,16,28,-12,7,https://www.englandhockey.co.uk/competitions/2025-2026-4585604-eh-adult-ehl-womens-group-4585802-womens-premier-division/table?season=e9427139-5a57-4841-ab3e-1087bf72678e&competition-group=edd72a6f-8bb4-46ad-80c8-2018f8399e8f&competition=f9cacb04-850a-4b0c-9c86-22ca743091c3,2026-01-31T20:45:31
2025-2026,,EH Adult EHL Womens,Womens Division 1 South,10,Harleston Magpies 1,11,0,0,11,6,37,-31,0,https://www.englandhockey.co.uk/competitions/2025-2026-4585604-eh-adult-ehl-womens-group-4585802-womens-premier-division/table?season=e9427139-5a57-4841-ab3e-1087bf72678e&competition-group=edd72a6f-8bb4-46ad-80c8-2018f8399e8f&competition=f9cacb04-850a-4b0c-9c86-22ca743091c3,2026-01-31T20:45:31
2025-2026,Phase 1,EH Adult EHL Open/Mens,Open - Mens Premier Division,1,Surbiton M1,11,11,0,0,57,13,44,33,https://www.englandhockey.co.uk/competitions/2025-2026-4585604-eh-adult-ehl-womens-group-4585802-womens-premier-division/table?season=e9427139-5a57-4841-ab3e-1087bf72678e&competition-group=6352e8c0-c2b3-4f7f-ae76-db0bbf8819c0&competition=fd81a180-20a9-4323-b39d-252a048deaf0,2026-01-31T20:46:08
2025-2026,Phase 1,EH Adult EHL Open/Mens,Open - Mens Premier Division,2,Wimbledon M1,11,8,2,1,36,17,19,26,https://www.englandhockey.co.uk/competitions/2025-2026-4585604-eh-adult-ehl-womens-group-4585802-womens-premier-division/table?season=e9427139-5a57-4841-ab3e-1087bf72678e&competition-group=6352e8c0-c2b3-4f7f-ae76-db0bbf8819c0&competition=fd81a180-20a9-4323-b39d-252a048deaf0,2026-01-31T20:46:09
2025-2026,Phase 1,EH Adult EHL Open/Mens,Open - Mens Premier Division,3,Old Georgians M1,11,8,1,2,51,8,43,25,https://www.englandhockey.co.uk/competitions/2025-2026-4585604-eh-adult-ehl-womens-group-4585802-womens-premier-division/table?season=e9427139-5a57-4841-ab3e-1087bf72678e&competition-group=6352e8c0-c2b3-4f7f-ae76-db0bbf8819c0&competition=fd81a180-20a9-4323-b39d-252a048deaf0,2026-01-31T20:46:09
2025-2026,Phase 1,EH Adult EHL Open/Mens,Open - Mens Premier Division,4,Hampstead & Westminster M1,11,7,3,1,44,19,25,24,https://www.englandhockey.co.uk/competitions/2025-2026-4585604-eh-adult-ehl-womens-group-4585802-womens-premier-division/table?season=e9427139-5a57-4841-ab3e-1087bf72678e&competition-group=6352e8c0-c2b3-4f7f-ae76-db0bbf8819c0&competition=fd81a180-20a9-4323-b39d-252a048deaf0,2026-01-31T20:46:09
2025-2026,Phase 1,EH Adult EHL Open/Mens,Open - Mens Premier Division,5,Holcombe M1,11,6,1,4,42,24,18,19,https://www.englandhockey.co.uk/competitions/2025-2026-4585604-eh-adult-ehl-womens-group-4585802-womens-premier-division/table?season=e9427139-5a57-4841-ab3e-1087bf72678e&competition-group=6352e8c0-c2b3-4f7f-ae76-db0bbf8819c0&competition=fd81a180-20a9-4323-b39d-252a048deaf0,2026-01-31T20:46:09
2025-2026,Phase 1,EH Adult EHL Open/Mens,Open - Mens Premier Division,6,Oxted M1,11,3,4,4,28,39,-11,13,https://www.englandhockey.co.uk/competitions/2025-2026-4585604-eh-adult-ehl-womens-group-4585802-womens-premier-division/table?season=e9427139-5a57-4841-ab3e-1087bf72678e&competition-group=6352e8c0-c2b3-4f7f-ae76-db0bbf8819c0&competition=fd81a180-20a9-4323-b39d-252a048deaf0,2026-01-31T20:46:09
2025-2026,Phase 1,EH Adult EHL Open/Mens,Open - Mens Premier Division,7,East Grinstead M1,11,3,3,5,25,41,-16,12,https://www.englandhockey.co.uk/competitions/2025-2026-4585604-eh-adult-ehl-womens-group-4585802-womens-premier-division/table?season=e9427139-5a57-4841-ab3e-1087bf72678e&competition-group=6352e8c0-c2b3-4f7f-ae76-db0bbf8819c0&competition=fd81a180-20a9-4323-b39d-252a048deaf0,2026-01-31T20:46:09
2025-2026,Phase 1,EH Adult EHL Open/Mens,Open - Mens Premier Division,8,Reading,11,3,2,6,20,38,-18,11,https://www.englandhockey.co.uk/competitions/2025-2026-4585604-eh-adult-ehl-womens-group-4585802-womens-premier-division/table?season=e9427139-5a57-4841-ab3e-1087bf72678e&competition-group=6352e8c0-c2b3-4f7f-ae76-db0bbf8819c0&competition=fd81a180-20a9-4323-b39d-252a048deaf0,2026-01-31T20:46:09
2025-2026,Phase 1,EH Adult EHL Open/Mens,Open - Mens Premier Division,9,Cardiff & Met,11,3,1,7,22,41,-19,10,https://www.englandhockey.co.uk/competitions/2025-2026-4585604-eh-adult-ehl-womens-group-4585802-womens-premier-division/table?season=e9427139-5a57-4841-ab3e-1087bf72678e&competition-group=6352e8c0-c2b3-4f7f-ae76-db0bbf8819c0&competition=fd81a180-20a9-4323-b39d-252a048deaf0,2026-01-31T20:46:09
2025-2026,Phase 1,EH Adult EHL Open/Mens,Open - Mens Premier Division,10,Southgate M1,11,2,2,7,12,39,-27,8,https://www.englandhockey.co.uk/competitions/2025-2026-4585604-eh-adult-ehl-womens-group-4585802-womens-premier-division/table?season=e9427139-5a57-4841-ab3e-1087bf72678e&competition-group=6352e8c0-c2b3-4f7f-ae76-db0bbf8819c0&competition=fd81a180-20a9-4323-b39d-252a048deaf0,2026-01-31T20:46:09
2025-2026,Phase 1,EH Adult EHL Open/Mens,Open - Mens Premier Division,11,Brooklands Manchester University M1,11,1,2,8,21,51,-30,5,https://www.englandhockey.co.uk/competitions/2025-2026-4585604-eh-adult-ehl-womens-group-4585802-womens-premier-division/table?season=e9427139-5a57-4841-ab3e-1087bf72678e&competition-group=6352e8c0-c2b3-4f7f-ae76-db0bbf8819c0&competition=fd81a180-20a9-4323-b39d-252a048deaf0,2026-01-31T20:46:09
2025-2026,Phase 1,EH Adult EHL Open/Mens,Open - Mens Premier Division,12,Beeston M1,11,0,1,10,11,39,-28,1,https://www.englandhockey.co.uk/competitions/2025-2026-4585604-eh-adult-ehl-womens-group-4585802-womens-premier-division/table?season=e9427139-5a57-4841-ab3e-1087bf72678e&competition-group=6352e8c0-c2b3-4f7f-ae76-db0bbf8819c0&competition=fd81a180-20a9-4323-b39d-252a048deaf0,2026-01-31T20:46:09
2025-2026,Phase 2,EH Adult EHL Open/Mens,Open - Mens Premier Division Phase 2 Top 6,1,Surbiton M1,11,11,0,0,57,13,44,33,https://www.englandhockey.co.uk/competitions/2025-2026-4585604-eh-adult-ehl-womens-group-4585802-womens-premier-division/table?season=e9427139-5a57-4841-ab3e-1087bf72678e&competition-group=6352e8c0-c2b3-4f7f-ae76-db0bbf8819c0&competition=bb1cf609-554e-4d25-a056-bf7415b5407b,2026-01-31T20:46:46
2025-2026,Phase 2,EH Adult EHL Open/Mens,Open - Mens Premier Division Phase 2 Top 6,2,Wimbledon M1,11,8,2,1,36,17,19,26,https://www.englandhockey.co.uk/competitions/2025-2026-4585604-eh-adult-ehl-womens-group-4585802-womens-premier-division/table?season=e9427139-5a57-4841-ab3e-1087bf72678e&competition-group=6352e8c0-c2b3-4f7f-ae76-db0bbf8819c0&competition=bb1cf609-554e-4d25-a056-bf7415b5407b,2026-01-31T20:46:46
2025-2026,Phase 2,EH Adult EHL Open/Mens,Open - Mens Premier Division Phase 2 Top 6,3,Old Georgians M1,11,8,1,2,51,8,43,25,https://www.englandhockey.co.uk/competitions/2025-2026-4585604-eh-adult-ehl-womens-group-4585802-womens-premier-division/table?season=e9427139-5a57-4841-ab3e-1087bf72678e&competition-group=6352e8c0-c2b3-4f7f-ae76-db0bbf8819c0&competition=bb1cf609-554e-4d25-a056-bf7415b5407b,2026-01-31T20:46:46
2025-2026,Phase 2,EH Adult EHL Open/Mens,Open - Mens Premier Division Phase 2 Top 6,4,Hampstead & Westminster M1,11,7,3,1,44,19,25,24,https://www.englandhockey.co.uk/competitions/2025-2026-4585604-eh-adult-ehl-womens-group-4585802-womens-premier-division/table?season=e9427139-5a57-4841-ab3e-1087bf72678e&competition-group=6352e8c0-c2b3-4f7f-ae76-db0bbf8819c0&competition=bb1cf609-554e-4d25-a056-bf7415b5407b,2026-01-31T20:46:46
2025-2026,Phase 2,EH Adult EHL Open/Mens,Open - Mens Premier Division Phase 2 Top 6,5,Holcombe M1,11,6,1,4,42,24,18,19,https://www.englandhockey.co.uk/competitions/2025-2026-4585604-eh-adult-ehl-womens-group-4585802-womens-premier-division/table?season=e9427139-5a57-4841-ab3e-1087bf72678e&competition-group=6352e8c0-c2b3-4f7f-ae76-db0bbf8819c0&competition=bb1cf609-554e-4d25-a056-bf7415b5407b,2026-01-31T20:46:46
2025-2026,Phase 2,EH Adult EHL Open/Mens,Open - Mens Premier Division Phase 2 Top 6,6,Oxted M1,11,3,4,4,28,39,-11,13,https://www.englandhockey.co.uk/competitions/2025-2026-4585604-eh-adult-ehl-womens-group-4585802-womens-premier-division/table?season=e9427139-5a57-4841-ab3e-1087bf72678e&competition-group=6352e8c0-c2b3-4f7f-ae76-db0bbf8819c0&competition=bb1cf609-554e-4d25-a056-bf7415b5407b,2026-01-31T20:46:46
2025-2026,Phase 2,EH Adult EHL Open/Mens,Open - Mens Premier Division Phase 2 Lower 6,1,East Grinstead M1,11,3,3,5,25,41,-16,12,https://www.englandhockey.co.uk/competitions/2025-2026-4585604-eh-adult-ehl-womens-group-4585802-womens-premier-division/table?season=e9427139-5a57-4841-ab3e-1087bf72678e&competition-group=6352e8c0-c2b3-4f7f-ae76-db0bbf8819c0&competition=4313d4b8-866e-4220-b182-f2bdce25b21c,2026-01-31T20:47:23
2025-2026,Phase 2,EH Adult EHL Open/Mens,Open - Mens Premier Division Phase 2 Lower 6,2,Reading,11,3,2,6,20,38,-18,11,https://www.englandhockey.co.uk/competitions/2025-2026-4585604-eh-adult-ehl-womens-group-4585802-womens-premier-division/table?season=e9427139-5a57-4841-ab3e-1087bf72678e&competition-group=6352e8c0-c2b3-4f7f-ae76-db0bbf8819c0&competition=4313d4b8-866e-4220-b182-f2bdce25b21c,2026-01-31T20:47:23
2025-2026,Phase 2,EH Adult EHL Open/Mens,Open - Mens Premier Division Phase 2 Lower 6,3,Cardiff & Met,11,3,1,7,22,41,-19,10,https://www.englandhockey.co.uk/competitions/2025-2026-4585604-eh-adult-ehl-womens-group-4585802-womens-premier-division/table?season=e9427139-5a57-4841-ab3e-1087bf72678e&competition-group=6352e8c0-c2b3-4f7f-ae76-db0bbf8819c0&competition=4313d4b8-866e-4220-b182-f2bdce25b21c,2026-01-31T20:47:23
2025-2026,Phase 2,EH Adult EHL Open/Mens,Open - Mens Premier Division Phase 2 Lower 6,4,Southgate M1,11,2,2,7,12,39,-27,8,https://www.englandhockey.co.uk/competitions/2025-2026-4585604-eh-adult-ehl-womens-group-4585802-womens-premier-division/table?season=e9427139-5a57-4841-ab3e-1087bf72678e&competition-group=6352e8c0-c2b3-4f7f-ae76-db0bbf8819c0&competition=4313d4b8-866e-4220-b182-f2bdce25b21c,2026-01-31T20:47:23
2025-2026,Phase 2,EH Adult EHL Open/Mens,Open - Mens Premier Division Phase 2 Lower 6,5,Brooklands Manchester University M1,11,1,2,8,21,51,-30,5,https://www.englandhockey.co.uk/competitions/2025-2026-4585604-eh-adult-ehl-womens-group-4585802-womens-premier-division/table?season=e9427139-5a57-4841-ab3e-1087bf72678e&competition-group=6352e8c0-c2b3-4f7f-ae76-db0bbf8819c0&competition=4313d4b8-866e-4220-b182-f2bdce25b21c,2026-01-31T20:47:23
2025-2026,Phase 2,EH Adult EHL Open/Mens,Open - Mens Premier Division Phase 2 Lower 6,6,Beeston M1,11,0,1,10,11,39,-28,1,https://www.englandhockey.co.uk/competitions/2025-2026-4585604-eh-adult-ehl-womens-group-4585802-womens-premier-division/table?season=e9427139-5a57-4841-ab3e-1087bf72678e&competition-group=6352e8c0-c2b3-4f7f-ae76-db0bbf8819c0&competition=4313d4b8-866e-4220-b182-f2bdce25b21c,2026-01-31T20:47:23
2025-2026,,EH Adult EHL Open/Mens,Open - Mens Division 1 North,1,Repton M1,11,8,3,0,34,16,18,27,https://www.englandhockey.co.uk/competitions/2025-2026-4585604-eh-adult-ehl-womens-group-4585802-womens-premier-division/table?season=e9427139-5a57-4841-ab3e-1087bf72678e&competition-group=6352e8c0-c2b3-4f7f-ae76-db0bbf8819c0&competition=0aeadbb0-9e88-4fe3-a5fd-8afc5cf4cf5f,2026-01-31T20:48:05
2025-2026,,EH Adult EHL Open/Mens,Open - Mens Division 1 North,2,Bowdon,11,8,2,1,44,15,29,26,https://www.englandhockey.co.uk/competitions/2025-2026-4585604-eh-adult-ehl-womens-group-4585802-womens-premier-division/table?season=e9427139-5a57-4841-ab3e-1087bf72678e&competition-group=6352e8c0-c2b3-4f7f-ae76-db0bbf8819c0&competition=0aeadbb0-9e88-4fe3-a5fd-8afc5cf4cf5f,2026-01-31T20:48:05
2025-2026,,EH Adult EHL Open/Mens,Open - Mens Division 1 North,3,University of Nottingham M1,11,6,1,4,29,21,8,19,https://www.englandhockey.co.uk/competitions/2025-2026-4585604-eh-adult-ehl-womens-group-4585802-womens-premier-division/table?season=e9427139-5a57-4841-ab3e-1087bf72678e&competition-group=6352e8c0-c2b3-4f7f-ae76-db0bbf8819c0&competition=0aeadbb0-9e88-4fe3-a5fd-8afc5cf4cf5f,2026-01-31T20:48:05
2025-2026,,EH Adult EHL Open/Mens,Open - Mens Division 1 North,4,Loughborough Students,10,6,1,3,23,16,7,19,https://www.englandhockey.co.uk/competitions/2025-2026-4585604-eh-adult-ehl-womens-group-4585802-womens-premier-division/table?season=e9427139-5a57-4841-ab3e-1087bf72678e&competition-group=6352e8c0-c2b3-4f7f-ae76-db0bbf8819c0&competition=0aeadbb0-9e88-4fe3-a5fd-8afc5cf4cf5f,2026-01-31T20:48:05
2025-2026,,EH Adult EHL Open/Mens,Open - Mens Division 1 North,5,Harborne 1,11,4,4,3,35,27,8,16,https://www.englandhockey.co.uk/competitions/2025-2026-4585604-eh-adult-ehl-womens-group-4585802-womens-premier-division/table?season=e9427139-5a57-4841-ab3e-1087bf72678e&competition-group=6352e8c0-c2b3-4f7f-ae76-db0bbf8819c0&competition=0aeadbb0-9e88-4fe3-a5fd-8afc5cf4cf5f,2026-01-31T20:48:06
2025-2026,,EH Adult EHL Open/Mens,Open - Mens Division 1 North,6,Durham University M1,11,3,2,6,26,26,0,11,https://www.englandhockey.co.uk/competitions/2025-2026-4585604-eh-adult-ehl-womens-group-4585802-womens-premier-division/table?season=e9427139-5a57-4841-ab3e-1087bf72678e&competition-group=6352e8c0-c2b3-4f7f-ae76-db0bbf8819c0&competition=0aeadbb0-9e88-4fe3-a5fd-8afc5cf4cf5f,2026-01-31T20:48:06
2025-2026,,EH Adult EHL Open/Mens,Open - Mens Division 1 North,7,University of Birmingham,10,3,2,5,18,26,-8,11,https://www.englandhockey.co.uk/competitions/2025-2026-4585604-eh-adult-ehl-womens-group-4585802-womens-premier-division/table?season=e9427139-5a57-4841-ab3e-1087bf72678e&competition-group=6352e8c0-c2b3-4f7f-ae76-db0bbf8819c0&competition=0aeadbb0-9e88-4fe3-a5fd-8afc5cf4cf5f,2026-01-31T20:48:06
2025-2026,,EH Adult EHL Open/Mens,Open - Mens Division 1 North,8,Timperley 1,11,2,4,5,24,28,-4,10,https://www.englandhockey.co.uk/competitions/2025-2026-4585604-eh-adult-ehl-womens-group-4585802-womens-premier-division/table?season=e9427139-5a57-4841-ab3e-1087bf72678e&competition-group=6352e8c0-c2b3-4f7f-ae76-db0bbf8819c0&competition=0aeadbb0-9e88-4fe3-a5fd-8afc5cf4cf5f,2026-01-31T20:48:06
2025-2026,,EH Adult EHL Open/Mens,Open - Mens Division 1 North,9,Deeside Ramblers,11,2,1,8,15,36,-21,7,https://www.englandhockey.co.uk/competitions/2025-2026-4585604-eh-adult-ehl-womens-group-4585802-womens-premier-division/table?season=e9427139-5a57-4841-ab3e-1087bf72678e&competition-group=6352e8c0-c2b3-4f7f-ae76-db0bbf8819c0&competition=0aeadbb0-9e88-4fe3-a5fd-8afc5cf4cf5f,2026-01-31T20:48:06
2025-2026,,EH Adult EHL Open/Mens,Open - Mens Division 1 North,10,Olton & West Warwicks,11,2,0,9,14,51,-37,6,https://www.englandhockey.co.uk/competitions/2025-2026-4585604-eh-adult-ehl-womens-group-4585802-womens-premier-division/table?season=e9427139-5a57-4841-ab3e-1087bf72678e&competition-group=6352e8c0-c2b3-4f7f-ae76-db0bbf8819c0&competition=0aeadbb0-9e88-4fe3-a5fd-8afc5cf4cf5f,2026-01-31T20:48:06
2025-2026,,EH Adult EHL Open/Mens,Open - Mens Division 1 South,1,University of Exeter M1,11,8,1,2,38,21,17,25,https://www.englandhockey.co.uk/competitions/2025-2026-4585604-eh-adult-ehl-womens-group-4585802-womens-premier-division/table?season=e9427139-5a57-4841-ab3e-1087bf72678e&competition-group=6352e8c0-c2b3-4f7f-ae76-db0bbf8819c0&competition=d345f87e-1d6c-4cd5-9a0a-8bf6f962ff7b,2026-01-31T20:48:44
2025-2026,,EH Adult EHL Open/Mens,Open - Mens Division 1 South,2,Guildford M1,11,6,3,2,29,23,6,21,https://www.englandhockey.co.uk/competitions/2025-2026-4585604-eh-adult-ehl-womens-group-4585802-womens-premier-division/table?season=e9427139-5a57-4841-ab3e-1087bf72678e&competition-group=6352e8c0-c2b3-4f7f-ae76-db0bbf8819c0&competition=d345f87e-1d6c-4cd5-9a0a-8bf6f962ff7b,2026-01-31T20:48:44
2025-2026,,EH Adult EHL Open/Mens,Open - Mens Division 1 South,3,Sevenoaks,11,6,2,3,26,22,4,20,https://www.englandhockey.co.uk/competitions/2025-2026-4585604-eh-adult-ehl-womens-group-4585802-womens-premier-division/table?season=e9427139-5a57-4841-ab3e-1087bf72678e&competition-group=6352e8c0-c2b3-4f7f-ae76-db0bbf8819c0&competition=d345f87e-1d6c-4cd5-9a0a-8bf6f962ff7b,2026-01-31T20:48:44
2025-2026,,EH Adult EHL Open/Mens,Open - Mens Division 1 South,4,Teddington M1,11,5,4,2,27,17,10,19,https://www.englandhockey.co.uk/competitions/2025-2026-4585604-eh-adult-ehl-womens-group-4585802-womens-premier-division/table?season=e9427139-5a57-4841-ab3e-1087bf72678e&competition-group=6352e8c0-c2b3-4f7f-ae76-db0bbf8819c0&competition=d345f87e-1d6c-4cd5-9a0a-8bf6f962ff7b,2026-01-31T20:48:44
2025-2026,,EH Adult EHL Open/Mens,Open - Mens Division 1 South,5,Old Loughtonians Mens 1,11,5,3,3,31,25,6,18,https://www.englandhockey.co.uk/competitions/2025-2026-4585604-eh-adult-ehl-womens-group-4585802-womens-premier-division/table?season=e9427139-5a57-4841-ab3e-1087bf72678e&competition-group=6352e8c0-c2b3-4f7f-ae76-db0bbf8819c0&competition=d345f87e-1d6c-4cd5-9a0a-8bf6f962ff7b,2026-01-31T20:48:44
2025-2026,,EH Adult EHL Open/Mens,Open - Mens Division 1 South,6,Indian Gymkhana M1,11,4,4,3,38,29,9,16,https://www.englandhockey.co.uk/competitions/2025-2026-4585604-eh-adult-ehl-womens-group-4585802-womens-premier-division/table?season=e9427139-5a57-4841-ab3e-1087bf72678e&competition-group=6352e8c0-c2b3-4f7f-ae76-db0bbf8819c0&competition=d345f87e-1d6c-4cd5-9a0a-8bf6f962ff7b,2026-01-31T20:48:44
2025-2026,,EH Adult EHL Open/Mens,Open - Mens Division 1 South,7,Richmond M1,11,3,4,4,26,34,-8,13,https://www.englandhockey.co.uk/competitions/2025-2026-4585604-eh-adult-ehl-womens-group-4585802-womens-premier-division/table?season=e9427139-5a57-4841-ab3e-1087bf72678e&competition-group=6352e8c0-c2b3-4f7f-ae76-db0bbf8819c0&competition=d345f87e-1d6c-4cd5-9a0a-8bf6f962ff7b,2026-01-31T20:48:44
2025-2026,,EH Adult EHL Open/Mens,Open - Mens Division 1 South,8,Canterbury,11,3,0,8,23,38,-15,9,https://www.englandhockey.co.uk/competitions/2025-2026-4585604-eh-adult-ehl-womens-group-4585802-womens-premier-division/table?season=e9427139-5a57-4841-ab3e-1087bf72678e&competition-group=6352e8c0-c2b3-4f7f-ae76-db0bbf8819c0&competition=d345f87e-1d6c-4cd5-9a0a-8bf6f962ff7b,2026-01-31T20:48:44
2025-2026,,EH Adult EHL Open/Mens,Open - Mens Division 1 South,9,Havant,11,2,2,7,26,37,-11,8,https://www.englandhockey.co.uk/competitions/2025-2026-4585604-eh-adult-ehl-womens-group-4585802-womens-premier-division/table?season=e9427139-5a57-4841-ab3e-1087bf72678e&competition-group=6352e8c0-c2b3-4f7f-ae76-db0bbf8819c0&competition=d345f87e-1d6c-4cd5-9a0a-8bf6f962ff7b,2026-01-31T20:48:44
2025-2026,,EH Adult EHL Open/Mens,Open - Mens Division 1 South,10,Surbiton M2,11,0,3,8,20,38,-18,3,https://www.englandhockey.co.uk/competitions/2025-2026-4585604-eh-adult-ehl-womens-group-4585802-womens-premier-division/table?season=e9427139-5a57-4841-ab3e-1087bf72678e&competition-group=6352e8c0-c2b3-4f7f-ae76-db0bbf8819c0&competition=d345f87e-1d6c-4cd5-9a0a-8bf6f962ff7b,2026-01-31T20:48:44
2024-2025,Phase 1,EH Adult EHL Womens,Womens Premier Division,1,Hampstead & Westminster W1,11,9,1,1,34,6,28,28,https://www.englandhockey.co.uk/competitions/2025-2026-4585604-eh-adult-ehl-womens-group-4585802-womens-premier-division/table?season=14edd6a1-2d0e-447a-8550-68b42882e46d&competition-group=5b419601-48a5-42c5-a0b2-d7cf71e641f9&competition=5a357624-00ec-4010-a0d0-648294280748,2026-01-31T20:49:22
2024-2025,Phase 1,EH Adult EHL Womens,Womens Premier Division,2,Reading 1,11,8,2,1,34,18,16,26,https://www.englandhockey.co.uk/competitions/2025-2026-4585604-eh-adult-ehl-womens-group-4585802-womens-premier-division/table?season=14edd6a1-2d0e-447a-8550-68b42882e46d&competition-group=5b419601-48a5-42c5-a0b2-d7cf71e641f9&competition=5a357624-00ec-4010-a0d0-648294280748,2026-01-31T20:49:22
2024-2025,Phase 1,EH Adult EHL Womens,Womens Premier Division,3,Surbiton W1,11,8,1,2,34,14,20,25,https://www.englandhockey.co.uk/competitions/2025-2026-4585604-eh-adult-ehl-womens-group-4585802-womens-premier-division/table?season=14edd6a1-2d0e-447a-8550-68b42882e46d&competition-group=5b419601-48a5-42c5-a0b2-d7cf71e641f9&competition=5a357624-00ec-4010-a0d0-648294280748,2026-01-31T20:49:22
2024-2025,Phase 1,EH Adult EHL Womens,Womens Premier Division,4,East Grinstead W1,11,6,3,2,20,13,7,21,https://www.englandhockey.co.uk/competitions/2025-2026-4585604-eh-adult-ehl-womens-group-4585802-womens-premier-division/table?season=14edd6a1-2d0e-447a-8550-68b42882e46d&competition-group=5b419601-48a5-42c5-a0b2-d7cf71e641f9&competition=5a357624-00ec-4010-a0d0-648294280748,2026-01-31T20:49:22
2024-2025,Phase 1,EH Adult EHL Womens,Womens Premier Division,5,Wimbledon W1,11,5,4,2,24,13,11,19,https://www.englandhockey.co.uk/competitions/2025-2026-4585604-eh-adult-ehl-womens-group-4585802-womens-premier-division/table?season=14edd6a1-2d0e-447a-8550-68b42882e46d&competition-group=5b419601-48a5-42c5-a0b2-d7cf71e641f9&competition=5a357624-00ec-4010-a0d0-648294280748,2026-01-31T20:49:23
2024-2025,Phase 1,EH Adult EHL Womens,Womens Premier Division,6,Loughborough Students W1,11,4,3,4,24,21,3,15,https://www.englandhockey.co.uk/competitions/2025-2026-4585604-eh-adult-ehl-womens-group-4585802-womens-premier-division/table?season=14edd6a1-2d0e-447a-8550-68b42882e46d&competition-group=5b419601-48a5-42c5-a0b2-d7cf71e641f9&competition=5a357624-00ec-4010-a0d0-648294280748,2026-01-31T20:49:23
2024-2025,Phase 1,EH Adult EHL Womens,Womens Premier Division,7,Clifton Robinsons 1,11,3,3,5,15,22,-7,12,https://www.englandhockey.co.uk/competitions/2025-2026-4585604-eh-adult-ehl-womens-group-4585802-womens-premier-division/table?season=14edd6a1-2d0e-447a-8550-68b42882e46d&competition-group=5b419601-48a5-42c5-a0b2-d7cf71e641f9&competition=5a357624-00ec-4010-a0d0-648294280748,2026-01-31T20:49:23
2024-2025,Phase 1,EH Adult EHL Womens,Womens Premier Division,8,University of Birmingham W1,11,3,2,6,17,20,-3,11,https://www.englandhockey.co.uk/competitions/2025-2026-4585604-eh-adult-ehl-womens-group-4585802-womens-premier-division/table?season=14edd6a1-2d0e-447a-8550-68b42882e46d&competition-group=5b419601-48a5-42c5-a0b2-d7cf71e641f9&competition=5a357624-00ec-4010-a0d0-648294280748,2026-01-31T20:49:23
2024-2025,Phase 1,EH Adult EHL Womens,Womens Premier Division,9,University of Nottingham 1,11,2,4,5,22,28,-6,10,https://www.englandhockey.co.uk/competitions/2025-2026-4585604-eh-adult-ehl-womens-group-4585802-womens-premier-division/table?season=14edd6a1-2d0e-447a-8550-68b42882e46d&competition-group=5b419601-48a5-42c5-a0b2-d7cf71e641f9&competition=5a357624-00ec-4010-a0d0-648294280748,2026-01-31T20:49:23
2024-2025,Phase 1,EH Adult EHL Womens,Womens Premier Division,10,Bowdon 1,11,3,0,8,13,24,-11,9,https://www.englandhockey.co.uk/competitions/2025-2026-4585604-eh-adult-ehl-womens-group-4585802-womens-premier-division/table?season=14edd6a1-2d0e-447a-8550-68b42882e46d&competition-group=5b419601-48a5-42c5-a0b2-d7cf71e641f9&competition=5a357624-00ec-4010-a0d0-648294280748,2026-01-31T20:49:23
2024-2025,Phase 1,EH Adult EHL Womens,Womens Premier Division,11,Holcombe W1,11,2,2,7,9,20,-11,8,https://www.englandhockey.co.uk/competitions/2025-2026-4585604-eh-adult-ehl-womens-group-4585802-womens-premier-division/table?season=14edd6a1-2d0e-447a-8550-68b42882e46d&competition-group=5b419601-48a5-42c5-a0b2-d7cf71e641f9&competition=5a357624-00ec-4010-a0d0-648294280748,2026-01-31T20:49:23
2024-2025,Phase 1,EH Adult EHL Womens,Womens Premier Division,12,Sutton Coldfield 1,11,0,1,10,9,56,-47,1,https://www.englandhockey.co.uk/competitions/2025-2026-4585604-eh-adult-ehl-womens-group-4585802-womens-premier-division/table?season=14edd6a1-2d0e-447a-8550-68b42882e46d&competition-group=5b419601-48a5-42c5-a0b2-d7cf71e641f9&competition=5a357624-00ec-4010-a0d0-648294280748,2026-01-31T20:49:23
2024-2025,Phase 2,EH Adult EHL Womens,Womens Premier Division Phase 2 Top 6,1,Hampstead & Westminster W1,16,11,3,2,43,15,28,36,https://www.englandhockey.co.uk/competitions/2025-2026-4585604-eh-adult-ehl-womens-group-4585802-womens-premier-division/table?season=14edd6a1-2d0e-447a-8550-68b42882e46d&competition-group=5b419601-48a5-42c5-a0b2-d7cf71e641f9&competition=8fd3cf25-a237-4520-bde3-3b4bd4c0c51e,2026-01-31T20:50:00
2024-2025,Phase 2,EH Adult EHL Womens,Womens Premier Division Phase 2 Top 6,2,Surbiton W1,16,10,3,3,49,23,26,33,https://www.englandhockey.co.uk/competitions/2025-2026-4585604-eh-adult-ehl-womens-group-4585802-womens-premier-division/table?season=14edd6a1-2d0e-447a-8550-68b42882e46d&competition-group=5b419601-48a5-42c5-a0b2-d7cf71e641f9&competition=8fd3cf25-a237-4520-bde3-3b4bd4c0c51e,2026-01-31T20:50:00
2024-2025,Phase 2,EH Adult EHL Womens,Womens Premier Division Phase 2 Top 6,3,Reading 1,16,9,5,2,48,32,16,32,https://www.englandhockey.co.uk/competitions/2025-2026-4585604-eh-adult-ehl-womens-group-4585802-womens-premier-division/table?season=14edd6a1-2d0e-447a-8550-68b42882e46d&competition-group=5b419601-48a5-42c5-a0b2-d7cf71e641f9&competition=8fd3cf25-a237-4520-bde3-3b4bd4c0c51e,2026-01-31T20:50:00
2024-2025,Phase 2,EH Adult EHL Womens,Womens Premier Division Phase 2 Top 6,4,East Grinstead W1,16,9,4,3,38,26,12,31,https://www.englandhockey.co.uk/competitions/2025-2026-4585604-eh-adult-ehl-womens-group-4585802-womens-premier-division/table?season=14edd6a1-2d0e-447a-8550-68b42882e46d&competition-group=5b419601-48a5-42c5-a0b2-d7cf71e641f9&competition=8fd3cf25-a237-4520-bde3-3b4bd4c0c51e,2026-01-31T20:50:00
2024-2025,Phase 2,EH Adult EHL Womens,Womens Premier Division Phase 2 Top 6,5,Wimbledon W1,16,8,4,4,37,26,11,28,https://www.englandhockey.co.uk/competitions/2025-2026-4585604-eh-adult-ehl-womens-group-4585802-womens-premier-division/table?season=14edd6a1-2d0e-447a-8550-68b42882e46d&competition-group=5b419601-48a5-42c5-a0b2-d7cf71e641f9&competition=8fd3cf25-a237-4520-bde3-3b4bd4c0c51e,2026-01-31T20:50:00
2024-2025,Phase 2,EH Adult EHL Womens,Womens Premier Division Phase 2 Top 6,6,Loughborough Students W1,16,4,3,9,29,37,-8,15,https://www.englandhockey.co.uk/competitions/2025-2026-4585604-eh-adult-ehl-womens-group-4585802-womens-premier-division/table?season=14edd6a1-2d0e-447a-8550-68b42882e46d&competition-group=5b419601-48a5-42c5-a0b2-d7cf71e641f9&competition=8fd3cf25-a237-4520-bde3-3b4bd4c0c51e,2026-01-31T20:50:00
2024-2025,Phase 2,EH Adult EHL Womens,Womens Premier Division Phase 2 Lower 6,1,Clifton Robinsons 1,16,6,4,6,23,27,-4,22,https://www.englandhockey.co.uk/competitions/2025-2026-4585604-eh-adult-ehl-womens-group-4585802-womens-premier-division/table?season=14edd6a1-2d0e-447a-8550-68b42882e46d&competition-group=5b419601-48a5-42c5-a0b2-d7cf71e641f9&competition=a7a00558-769e-4a55-8aff-9f137330c00d,2026-01-31T20:50:38
2024-2025,Phase 2,EH Adult EHL Womens,Womens Premier Division Phase 2 Lower 6,2,Bowdon 1,16,7,0,9,28,34,-6,21,https://www.englandhockey.co.uk/competitions/2025-2026-4585604-eh-adult-ehl-womens-group-4585802-womens-premier-division/table?season=14edd6a1-2d0e-447a-8550-68b42882e46d&competition-group=5b419601-48a5-42c5-a0b2-d7cf71e641f9&competition=a7a00558-769e-4a55-8aff-9f137330c00d,2026-01-31T20:50:38
2024-2025,Phase 2,EH Adult EHL Womens,Womens Premier Division Phase 2 Lower 6,3,University of Birmingham W1,16,5,5,6,30,25,5,20,https://www.englandhockey.co.uk/competitions/2025-2026-4585604-eh-adult-ehl-womens-group-4585802-womens-premier-division/table?season=14edd6a1-2d0e-447a-8550-68b42882e46d&competition-group=5b419601-48a5-42c5-a0b2-d7cf71e641f9&competition=a7a00558-769e-4a55-8aff-9f137330c00d,2026-01-31T20:50:38
2024-2025,Phase 2,EH Adult EHL Womens,Womens Premier Division Phase 2 Lower 6,4,University of Nottingham 1,16,4,5,7,33,38,-5,17,https://www.englandhockey.co.uk/competitions/2025-2026-4585604-eh-adult-ehl-womens-group-4585802-womens-premier-division/table?season=14edd6a1-2d0e-447a-8550-68b42882e46d&competition-group=5b419601-48a5-42c5-a0b2-d7cf71e641f9&competition=a7a00558-769e-4a55-8aff-9f137330c00d,2026-01-31T20:50:38
2024-2025,Phase 2,EH Adult EHL Womens,Womens Premier Division Phase 2 Lower 6,5,Holcombe W1,16,3,3,10,16,32,-16,12,https://www.englandhockey.co.uk/competitions/2025-2026-4585604-eh-adult-ehl-womens-group-4585802-womens-premier-division/table?season=14edd6a1-2d0e-447a-8550-68b42882e46d&competition-group=5b419601-48a5-42c5-a0b2-d7cf71e641f9&competition=a7a00558-769e-4a55-8aff-9f137330c00d,2026-01-31T20:50:38
2024-2025,Phase 2,EH Adult EHL Womens,Womens Premier Division Phase 2 Lower 6,6,Sutton Coldfield 1,16,0,1,15,12,71,-59,1,https://www.englandhockey.co.uk/competitions/2025-2026-4585604-eh-adult-ehl-womens-group-4585802-womens-premier-division/table?season=14edd6a1-2d0e-447a-8550-68b42882e46d&competition-group=5b419601-48a5-42c5-a0b2-d7cf71e641f9&competition=a7a00558-769e-4a55-8aff-9f137330c00d,2026-01-31T20:50:39
2024-2025,,EH Adult EHL Womens,Womens Division 1 North,1,Durham University 1,18,17,0,1,72,13,59,51,https://www.englandhockey.co.uk/competitions/2025-2026-4585604-eh-adult-ehl-womens-group-4585802-womens-premier-division/table?season=14edd6a1-2d0e-447a-8550-68b42882e46d&competition-group=5b419601-48a5-42c5-a0b2-d7cf71e641f9&competition=fab4b4af-d4c2-41cb-929a-f67e709c1521,2026-01-31T20:51:22
2024-2025,,EH Adult EHL Womens,Womens Division 1 North,2,Beeston W1,18,16,0,2,76,11,65,48,https://www.englandhockey.co.uk/competitions/2025-2026-4585604-eh-adult-ehl-womens-group-4585802-womens-premier-division/table?season=14edd6a1-2d0e-447a-8550-68b42882e46d&competition-group=5b419601-48a5-42c5-a0b2-d7cf71e641f9&competition=fab4b4af-d4c2-41cb-929a-f67e709c1521,2026-01-31T20:51:22
2024-2025,,EH Adult EHL Womens,Womens Division 1 North,3,Buckingham W1,18,11,2,5,49,34,15,35,https://www.englandhockey.co.uk/competitions/2025-2026-4585604-eh-adult-ehl-womens-group-4585802-womens-premier-division/table?season=14edd6a1-2d0e-447a-8550-68b42882e46d&competition-group=5b419601-48a5-42c5-a0b2-d7cf71e641f9&competition=fab4b4af-d4c2-41cb-929a-f67e709c1521,2026-01-31T20:51:22
2024-2025,,EH Adult EHL Womens,Womens Division 1 North,4,Repton W1,18,8,0,10,26,30,-4,24,https://www.englandhockey.co.uk/competitions/2025-2026-4585604-eh-adult-ehl-womens-group-4585802-womens-premier-division/table?season=14edd6a1-2d0e-447a-8550-68b42882e46d&competition-group=5b419601-48a5-42c5-a0b2-d7cf71e641f9&competition=fab4b4af-d4c2-41cb-929a-f67e709c1521,2026-01-31T20:51:23
2024-2025,,EH Adult EHL Womens,Womens Division 1 North,5,Gloucester City 1,18,7,3,8,50,51,-1,23,https://www.englandhockey.co.uk/competitions/2025-2026-4585604-eh-adult-ehl-womens-group-4585802-womens-premier-division/table?season=14edd6a1-2d0e-447a-8550-68b42882e46d&competition-group=5b419601-48a5-42c5-a0b2-d7cf71e641f9&competition=fab4b4af-d4c2-41cb-929a-f67e709c1521,2026-01-31T20:51:23
2024-2025,,EH Adult EHL Womens,Womens Division 1 North,6,Ben Rhydding W1,18,6,3,9,24,37,-13,21,https://www.englandhockey.co.uk/competitions/2025-2026-4585604-eh-adult-ehl-womens-group-4585802-womens-premier-division/table?season=14edd6a1-2d0e-447a-8550-68b42882e46d&competition-group=5b419601-48a5-42c5-a0b2-d7cf71e641f9&competition=fab4b4af-d4c2-41cb-929a-f67e709c1521,2026-01-31T20:51:23
2024-2025,,EH Adult EHL Womens,Womens Division 1 North,7,Olton & West Warwicks 1,18,6,2,10,29,49,-20,20,https://www.englandhockey.co.uk/competitions/2025-2026-4585604-eh-adult-ehl-womens-group-4585802-womens-premier-division/table?season=14edd6a1-2d0e-447a-8550-68b42882e46d&competition-group=5b419601-48a5-42c5-a0b2-d7cf71e641f9&competition=fab4b4af-d4c2-41cb-929a-f67e709c1521,2026-01-31T20:51:23
2024-2025,,EH Adult EHL Womens,Womens Division 1 North,8,Pendle Forest 1,18,5,3,10,32,55,-23,18,https://www.englandhockey.co.uk/competitions/2025-2026-4585604-eh-adult-ehl-womens-group-4585802-womens-premier-division/table?season=14edd6a1-2d0e-447a-8550-68b42882e46d&competition-group=5b419601-48a5-42c5-a0b2-d7cf71e641f9&competition=fab4b4af-d4c2-41cb-929a-f67e709c1521,2026-01-31T20:51:23
2024-2025,,EH Adult EHL Womens,Womens Division 1 North,9,Leicester City 1,18,6,0,12,24,50,-26,18,https://www.englandhockey.co.uk/competitions/2025-2026-4585604-eh-adult-ehl-womens-group-4585802-womens-premier-division/table?season=14edd6a1-2d0e-447a-8550-68b42882e46d&competition-group=5b419601-48a5-42c5-a0b2-d7cf71e641f9&competition=fab4b4af-d4c2-41cb-929a-f67e709c1521,2026-01-31T20:51:23
2024-2025,,EH Adult EHL Womens,Womens Division 1 North,10,Wakefield 1,18,1,1,16,16,68,-52,4,https://www.englandhockey.co.uk/competitions/2025-2026-4585604-eh-adult-ehl-womens-group-4585802-womens-premier-division/table?season=14edd6a1-2d0e-447a-8550-68b42882e46d&competition-group=5b419601-48a5-42c5-a0b2-d7cf71e641f9&competition=fab4b4af-d4c2-41cb-929a-f67e709c1521,2026-01-31T20:51:23
2024-2025,,EH Adult EHL Womens,Womens Division 1 South,1,Barnes W1,18,14,1,3,51,21,30,43,https://www.englandhockey.co.uk/competitions/2025-2026-4585604-eh-adult-ehl-womens-group-4585802-womens-premier-division/table?season=14edd6a1-2d0e-447a-8550-68b42882e46d&competition-group=5b419601-48a5-42c5-a0b2-d7cf71e641f9&competition=037bef77-0d28-4f0d-ab6e-4c782dc4c683,2026-01-31T20:52:11
2024-2025,,EH Adult EHL Womens,Womens Division 1 South,2,University of Exeter W1,18,12,3,3,43,26,17,39,https://www.englandhockey.co.uk/competitions/2025-2026-4585604-eh-adult-ehl-womens-group-4585802-womens-premier-division/table?season=14edd6a1-2d0e-447a-8550-68b42882e46d&competition-group=5b419601-48a5-42c5-a0b2-d7cf71e641f9&competition=037bef77-0d28-4f0d-ab6e-4c782dc4c683,2026-01-31T20:52:11
2024-2025,,EH Adult EHL Womens,Womens Division 1 South,3,Harleston Magpies 1,18,8,5,5,24,24,0,29,https://www.englandhockey.co.uk/competitions/2025-2026-4585604-eh-adult-ehl-womens-group-4585802-womens-premier-division/table?season=14edd6a1-2d0e-447a-8550-68b42882e46d&competition-group=5b419601-48a5-42c5-a0b2-d7cf71e641f9&competition=037bef77-0d28-4f0d-ab6e-4c782dc4c683,2026-01-31T20:52:11
2024-2025,,EH Adult EHL Womens,Womens Division 1 South,4,Guildford 1,18,8,5,5,26,28,-2,29,https://www.englandhockey.co.uk/competitions/2025-2026-4585604-eh-adult-ehl-womens-group-4585802-womens-premier-division/table?season=14edd6a1-2d0e-447a-8550-68b42882e46d&competition-group=5b419601-48a5-42c5-a0b2-d7cf71e641f9&competition=037bef77-0d28-4f0d-ab6e-4c782dc4c683,2026-01-31T20:52:11
2024-2025,,EH Adult EHL Womens,Womens Division 1 South,5,Southgate W1,18,8,4,6,35,33,2,28,https://www.englandhockey.co.uk/competitions/2025-2026-4585604-eh-adult-ehl-womens-group-4585802-womens-premier-division/table?season=14edd6a1-2d0e-447a-8550-68b42882e46d&competition-group=5b419601-48a5-42c5-a0b2-d7cf71e641f9&competition=037bef77-0d28-4f0d-ab6e-4c782dc4c683,2026-01-31T20:52:11
2024-2025,,EH Adult EHL Womens,Womens Division 1 South,6,Surbiton W2,18,7,4,7,34,36,-2,25,https://www.englandhockey.co.uk/competitions/2025-2026-4585604-eh-adult-ehl-womens-group-4585802-womens-premier-division/table?season=14edd6a1-2d0e-447a-8550-68b42882e46d&competition-group=5b419601-48a5-42c5-a0b2-d7cf71e641f9&competition=037bef77-0d28-4f0d-ab6e-4c782dc4c683,2026-01-31T20:52:11
2024-2025,,EH Adult EHL Womens,Womens Division 1 South,7,Sevenoaks 1,18,5,5,8,31,33,-2,20,https://www.englandhockey.co.uk/competitions/2025-2026-4585604-eh-adult-ehl-womens-group-4585802-womens-premier-division/table?season=14edd6a1-2d0e-447a-8550-68b42882e46d&competition-group=5b419601-48a5-42c5-a0b2-d7cf71e641f9&competition=037bef77-0d28-4f0d-ab6e-4c782dc4c683,2026-01-31T20:52:11
2024-2025,,EH Adult EHL Womens,Womens Division 1 South,8,Bristol Firebrands 1,18,5,2,11,19,39,-20,17,https://www.englandhockey.co.uk/competitions/2025-2026-4585604-eh-adult-ehl-womens-group-4585802-womens-premier-division/table?season=14edd6a1-2d0e-447a-8550-68b42882e46d&competition-group=5b419601-48a5-42c5-a0b2-d7cf71e641f9&competition=037bef77-0d28-4f0d-ab6e-4c782dc4c683,2026-01-31T20:52:11
2024-2025,,EH Adult EHL Womens,Womens Division 1 South,9,Wimbledon W2,18,3,3,12,25,31,-6,12,https://www.englandhockey.co.uk/competitions/2025-2026-4585604-eh-adult-ehl-womens-group-4585802-womens-premier-division/table?season=14edd6a1-2d0e-447a-8550-68b42882e46d&competition-group=5b419601-48a5-42c5-a0b2-d7cf71e641f9&competition=037bef77-0d28-4f0d-ab6e-4c782dc4c683,2026-01-31T20:52:11
2024-2025,,EH Adult EHL Womens,Womens Division 1 South,10,Slough 1,18,2,4,12,13,30,-17,10,https://www.englandhockey.co.uk/competitions/2025-2026-4585604-eh-adult-ehl-womens-group-4585802-womens-premier-division/table?season=14edd6a1-2d0e-447a-8550-68b42882e46d&competition-group=5b419601-48a5-42c5-a0b2-d7cf71e641f9&competition=037bef77-0d28-4f0d-ab6e-4c782dc4c683,2026-01-31T20:52:11
2024-2025,Phase 1,EH Adult EHL Open/Mens,Open - Mens Premier Division,1,Old Georgians M1,11,11,0,0,70,16,54,33,https://www.englandhockey.co.uk/competitions/2025-2026-4585604-eh-adult-ehl-womens-group-4585802-womens-premier-division/table?season=14edd6a1-2d0e-447a-8550-68b42882e46d&competition-group=bd254499-a9fd-4c05-8b15-62a61dbb2399&competition=f15c4870-c47f-4ff8-9076-ae80ffdd959f,2026-01-31T20:52:49
2024-2025,Phase 1,EH Adult EHL Open/Mens,Open - Mens Premier Division,2,Holcombe M1,11,9,1,1,45,23,22,28,https://www.englandhockey.co.uk/competitions/2025-2026-4585604-eh-adult-ehl-womens-group-4585802-womens-premier-division/table?season=14edd6a1-2d0e-447a-8550-68b42882e46d&competition-group=bd254499-a9fd-4c05-8b15-62a61dbb2399&competition=f15c4870-c47f-4ff8-9076-ae80ffdd959f,2026-01-31T20:52:49
2024-2025,Phase 1,EH Adult EHL Open/Mens,Open - Mens Premier Division,3,Surbiton M1,11,8,2,1,53,21,32,26,https://www.englandhockey.co.uk/competitions/2025-2026-4585604-eh-adult-ehl-womens-group-4585802-womens-premier-division/table?season=14edd6a1-2d0e-447a-8550-68b42882e46d&competition-group=bd254499-a9fd-4c05-8b15-62a61dbb2399&competition=f15c4870-c47f-4ff8-9076-ae80ffdd959f,2026-01-31T20:52:49
2024-2025,Phase 1,EH Adult EHL Open/Mens,Open - Mens Premier Division,4,Wimbledon M1,11,7,2,2,39,21,18,23,https://www.englandhockey.co.uk/competitions/2025-2026-4585604-eh-adult-ehl-womens-group-4585802-womens-premier-division/table?season=14edd6a1-2d0e-447a-8550-68b42882e46d&competition-group=bd254499-a9fd-4c05-8b15-62a61dbb2399&competition=f15c4870-c47f-4ff8-9076-ae80ffdd959f,2026-01-31T20:52:49
2024-2025,Phase 1,EH Adult EHL Open/Mens,Open - Mens Premier Division,5,Hampstead & Westminster M1,11,6,1,4,42,23,19,19,https://www.englandhockey.co.uk/competitions/2025-2026-4585604-eh-adult-ehl-womens-group-4585802-womens-premier-division/table?season=14edd6a1-2d0e-447a-8550-68b42882e46d&competition-group=bd254499-a9fd-4c05-8b15-62a61dbb2399&competition=f15c4870-c47f-4ff8-9076-ae80ffdd959f,2026-01-31T20:52:49
2024-2025,Phase 1,EH Adult EHL Open/Mens,Open - Mens Premier Division,6,Oxted M1,11,4,2,5,30,38,-8,14,https://www.englandhockey.co.uk/competitions/2025-2026-4585604-eh-adult-ehl-womens-group-4585802-womens-premier-division/table?season=14edd6a1-2d0e-447a-8550-68b42882e46d&competition-group=bd254499-a9fd-4c05-8b15-62a61dbb2399&competition=f15c4870-c47f-4ff8-9076-ae80ffdd959f,2026-01-31T20:52:49
2024-2025,Phase 1,EH Adult EHL Open/Mens,Open - Mens Premier Division,7,Cardiff & Met,11,4,1,6,21,34,-13,13,https://www.englandhockey.co.uk/competitions/2025-2026-4585604-eh-adult-ehl-womens-group-4585802-womens-premier-division/table?season=14edd6a1-2d0e-447a-8550-68b42882e46d&competition-group=bd254499-a9fd-4c05-8b15-62a61dbb2399&competition=f15c4870-c47f-4ff8-9076-ae80ffdd959f,2026-01-31T20:52:49
2024-2025,Phase 1,EH Adult EHL Open/Mens,Open - Mens Premier Division,8,East Grinstead M1,11,3,2,6,30,40,-10,11,https://www.englandhockey.co.uk/competitions/2025-2026-4585604-eh-adult-ehl-womens-group-4585802-womens-premier-division/table?season=14edd6a1-2d0e-447a-8550-68b42882e46d&competition-group=bd254499-a9fd-4c05-8b15-62a61dbb2399&competition=f15c4870-c47f-4ff8-9076-ae80ffdd959f,2026-01-31T20:52:50
2024-2025,Phase 1,EH Adult EHL Open/Mens,Open - Mens Premier Division,9,Beeston M1,11,2,4,5,24,29,-5,10,https://www.englandhockey.co.uk/competitions/2025-2026-4585604-eh-adult-ehl-womens-group-4585802-womens-premier-division/table?season=14edd6a1-2d0e-447a-8550-68b42882e46d&competition-group=bd254499-a9fd-4c05-8b15-62a61dbb2399&competition=f15c4870-c47f-4ff8-9076-ae80ffdd959f,2026-01-31T20:52:50
2024-2025,Phase 1,EH Adult EHL Open/Mens,Open - Mens Premier Division,10,Southgate M1,11,1,2,8,19,41,-22,5,https://www.englandhockey.co.uk/competitions/2025-2026-4585604-eh-adult-ehl-womens-group-4585802-womens-premier-division/table?season=14edd6a1-2d0e-447a-8550-68b42882e46d&competition-group=bd254499-a9fd-4c05-8b15-62a61dbb2399&competition=f15c4870-c47f-4ff8-9076-ae80ffdd959f,2026-01-31T20:52:50
2024-2025,Phase 1,EH Adult EHL Open/Mens,Open - Mens Premier Division,11,Richmond M1,11,1,1,9,10,61,-51,4,https://www.englandhockey.co.uk/competitions/2025-2026-4585604-eh-adult-ehl-womens-group-4585802-womens-premier-division/table?season=14edd6a1-2d0e-447a-8550-68b42882e46d&competition-group=bd254499-a9fd-4c05-8b15-62a61dbb2399&competition=f15c4870-c47f-4ff8-9076-ae80ffdd959f,2026-01-31T20:52:50
2024-2025,Phase 1,EH Adult EHL Open/Mens,Open - Mens Premier Division,12,Bowdon,11,1,0,10,11,47,-36,3,https://www.englandhockey.co.uk/competitions/2025-2026-4585604-eh-adult-ehl-womens-group-4585802-womens-premier-division/table?season=14edd6a1-2d0e-447a-8550-68b42882e46d&competition-group=bd254499-a9fd-4c05-8b15-62a61dbb2399&competition=f15c4870-c47f-4ff8-9076-ae80ffdd959f,2026-01-31T20:52:50
2024-2025,Phase 2,EH Adult EHL Open/Mens,Open - Mens Premier Division Phase 2 Top 6,1,Old Georgians M1,16,15,1,0,92,29,63,46,https://www.englandhockey.co.uk/competitions/2025-2026-4585604-eh-adult-ehl-womens-group-4585802-womens-premier-division/table?season=14edd6a1-2d0e-447a-8550-68b42882e46d&competition-group=bd254499-a9fd-4c05-8b15-62a61dbb2399&competition=985ecff8-5608-4852-8018-46af6e6ad486,2026-01-31T20:53:27
2024-2025,Phase 2,EH Adult EHL Open/Mens,Open - Mens Premier Division Phase 2 Top 6,2,Surbiton M1,16,12,2,2,74,30,44,38,https://www.englandhockey.co.uk/competitions/2025-2026-4585604-eh-adult-ehl-womens-group-4585802-womens-premier-division/table?season=14edd6a1-2d0e-447a-8550-68b42882e46d&competition-group=bd254499-a9fd-4c05-8b15-62a61dbb2399&competition=985ecff8-5608-4852-8018-46af6e6ad486,2026-01-31T20:53:27
2024-2025,Phase 2,EH Adult EHL Open/Mens,Open - Mens Premier Division Phase 2 Top 6,3,Holcombe M1,16,10,2,4,55,35,20,32,https://www.englandhockey.co.uk/competitions/2025-2026-4585604-eh-adult-ehl-womens-group-4585802-womens-premier-division/table?season=14edd6a1-2d0e-447a-8550-68b42882e46d&competition-group=bd254499-a9fd-4c05-8b15-62a61dbb2399&competition=985ecff8-5608-4852-8018-46af6e6ad486,2026-01-31T20:53:27
2024-2025,Phase 2,EH Adult EHL Open/Mens,Open - Mens Premier Division Phase 2 Top 6,4,Wimbledon M1,16,9,4,3,54,36,18,31,https://www.englandhockey.co.uk/competitions/2025-2026-4585604-eh-adult-ehl-womens-group-4585802-womens-premier-division/table?season=14edd6a1-2d0e-447a-8550-68b42882e46d&competition-group=bd254499-a9fd-4c05-8b15-62a61dbb2399&competition=985ecff8-5608-4852-8018-46af6e6ad486,2026-01-31T20:53:27
2024-2025,Phase 2,EH Adult EHL Open/Mens,Open - Mens Premier Division Phase 2 Top 6,5,Hampstead & Westminster M1,16,7,1,8,53,40,13,22,https://www.englandhockey.co.uk/competitions/2025-2026-4585604-eh-adult-ehl-womens-group-4585802-womens-premier-division/table?season=14edd6a1-2d0e-447a-8550-68b42882e46d&competition-group=bd254499-a9fd-4c05-8b15-62a61dbb2399&competition=985ecff8-5608-4852-8018-46af6e6ad486,2026-01-31T20:53:27
2024-2025,Phase 2,EH Adult EHL Open/Mens,Open - Mens Premier Division Phase 2 Top 6,6,Oxted M1,16,5,2,9,38,59,-21,17,https://www.englandhockey.co.uk/competitions/2025-2026-4585604-eh-adult-ehl-womens-group-4585802-womens-premier-division/table?season=14edd6a1-2d0e-447a-8550-68b42882e46d&competition-group=bd254499-a9fd-4c05-8b15-62a61dbb2399&competition=985ecff8-5608-4852-8018-46af6e6ad486,2026-01-31T20:53:27
2024-2025,Phase 2,EH Adult EHL Open/Mens,Open - Mens Premier Division Phase 2 Lower 6,1,Beeston M1,16,7,4,5,38,34,4,25,https://www.englandhockey.co.uk/competitions/2025-2026-4585604-eh-adult-ehl-womens-group-4585802-womens-premier-division/table?season=14edd6a1-2d0e-447a-8550-68b42882e46d&competition-group=bd254499-a9fd-4c05-8b15-62a61dbb2399&competition=d2ca3b57-ab5c-43de-b3e2-e7b764d44946,2026-01-31T20:53:53
2024-2025,Phase 2,EH Adult EHL Open/Mens,Open - Mens Premier Division Phase 2 Lower 6,2,East Grinstead M1,16,5,4,7,43,50,-7,19,https://www.englandhockey.co.uk/competitions/2025-2026-4585604-eh-adult-ehl-womens-group-4585802-womens-premier-division/table?season=14edd6a1-2d0e-447a-8550-68b42882e46d&competition-group=bd254499-a9fd-4c05-8b15-62a61dbb2399&competition=d2ca3b57-ab5c-43de-b3e2-e7b764d44946,2026-01-31T20:53:53
2024-2025,Phase 2,EH Adult EHL Open/Mens,Open - Mens Premier Division Phase 2 Lower 6,3,Cardiff & Met,16,6,1,9,32,49,-17,19,https://www.englandhockey.co.uk/competitions/2025-2026-4585604-eh-adult-ehl-womens-group-4585802-womens-premier-division/table?season=14edd6a1-2d0e-447a-8550-68b42882e46d&competition-group=bd254499-a9fd-4c05-8b15-62a61dbb2399&competition=d2ca3b57-ab5c-43de-b3e2-e7b764d44946,2026-01-31T20:53:53
2024-2025,Phase 2,EH Adult EHL Open/Mens,Open - Mens Premier Division Phase 2 Lower 6,4,Southgate M1,16,3,4,9,30,51,-21,13,https://www.englandhockey.co.uk/competitions/2025-2026-4585604-eh-adult-ehl-womens-group-4585802-womens-premier-division/table?season=14edd6a1-2d0e-447a-8550-68b42882e46d&competition-group=bd254499-a9fd-4c05-8b15-62a61dbb2399&competition=d2ca3b57-ab5c-43de-b3e2-e7b764d44946,2026-01-31T20:53:53
2024-2025,Phase 2,EH Adult EHL Open/Mens,Open - Mens Premier Division Phase 2 Lower 6,5,Bowdon,16,2,1,13,21,61,-40,7,https://www.englandhockey.co.uk/competitions/2025-2026-4585604-eh-adult-ehl-womens-group-4585802-womens-premier-division/table?season=14edd6a1-2d0e-447a-8550-68b42882e46d&competition-group=bd254499-a9fd-4c05-8b15-62a61dbb2399&competition=d2ca3b57-ab5c-43de-b3e2-e7b764d44946,2026-01-31T20:53:53
2024-2025,Phase 2,EH Adult EHL Open/Mens,Open - Mens Premier Division Phase 2 Lower 6,6,Richmond M1,16,1,2,13,16,72,-56,5,https://www.englandhockey.co.uk/competitions/2025-2026-4585604-eh-adult-ehl-womens-group-4585802-womens-premier-division/table?season=14edd6a1-2d0e-447a-8550-68b42882e46d&competition-group=bd254499-a9fd-4c05-8b15-62a61dbb2399&competition=d2ca3b57-ab5c-43de-b3e2-e7b764d44946,2026-01-31T20:53:54
2024-2025,,EH Adult EHL Open/Mens,Open - Mens Division 1 North,1,Brooklands Manchester University M1,18,15,1,2,64,26,38,46,https://www.englandhockey.co.uk/competitions/2025-2026-4585604-eh-adult-ehl-womens-group-4585802-womens-premier-division/table?season=14edd6a1-2d0e-447a-8550-68b42882e46d&competition-group=bd254499-a9fd-4c05-8b15-62a61dbb2399&competition=da58bbf6-e619-4765-8a1b-974b05f40a78,2026-01-31T20:54:29
2024-2025,,EH Adult EHL Open/Mens,Open - Mens Division 1 North,2,Loughborough Students,18,14,3,1,55,29,26,45,https://www.englandhockey.co.uk/competitions/2025-2026-4585604-eh-adult-ehl-womens-group-4585802-womens-premier-division/table?season=14edd6a1-2d0e-447a-8550-68b42882e46d&competition-group=bd254499-a9fd-4c05-8b15-62a61dbb2399&competition=da58bbf6-e619-4765-8a1b-974b05f40a78,2026-01-31T20:54:29
2024-2025,,EH Adult EHL Open/Mens,Open - Mens Division 1 North,3,University of Nottingham M1,18,13,0,5,53,33,20,39,https://www.englandhockey.co.uk/competitions/2025-2026-4585604-eh-adult-ehl-womens-group-4585802-womens-premier-division/table?season=14edd6a1-2d0e-447a-8550-68b42882e46d&competition-group=bd254499-a9fd-4c05-8b15-62a61dbb2399&competition=da58bbf6-e619-4765-8a1b-974b05f40a78,2026-01-31T20:54:29
2024-2025,,EH Adult EHL Open/Mens,Open - Mens Division 1 North,4,Harborne 1,18,7,3,8,46,45,1,24,https://www.englandhockey.co.uk/competitions/2025-2026-4585604-eh-adult-ehl-womens-group-4585802-womens-premier-division/table?season=14edd6a1-2d0e-447a-8550-68b42882e46d&competition-group=bd254499-a9fd-4c05-8b15-62a61dbb2399&competition=da58bbf6-e619-4765-8a1b-974b05f40a78,2026-01-31T20:54:30
2024-2025,,EH Adult EHL Open/Mens,Open - Mens Division 1 North,5,Deeside Ramblers,18,6,3,9,47,56,-9,21,https://www.englandhockey.co.uk/competitions/2025-2026-4585604-eh-adult-ehl-womens-group-4585802-womens-premier-division/table?season=14edd6a1-2d0e-447a-8550-68b42882e46d&competition-group=bd254499-a9fd-4c05-8b15-62a61dbb2399&competition=da58bbf6-e619-4765-8a1b-974b05f40a78,2026-01-31T20:54:30
2024-2025,,EH Adult EHL Open/Mens,Open - Mens Division 1 North,6,University of Birmingham,18,6,2,10,38,45,-7,20,https://www.englandhockey.co.uk/competitions/2025-2026-4585604-eh-adult-ehl-womens-group-4585802-womens-premier-division/table?season=14edd6a1-2d0e-447a-8550-68b42882e46d&competition-group=bd254499-a9fd-4c05-8b15-62a61dbb2399&competition=da58bbf6-e619-4765-8a1b-974b05f40a78,2026-01-31T20:54:30
2024-2025,,EH Adult EHL Open/Mens,Open - Mens Division 1 North,7,Olton & West Warwicks,18,5,4,9,47,56,-9,19,https://www.englandhockey.co.uk/competitions/2025-2026-4585604-eh-adult-ehl-womens-group-4585802-womens-premier-division/table?season=14edd6a1-2d0e-447a-8550-68b42882e46d&competition-group=bd254499-a9fd-4c05-8b15-62a61dbb2399&competition=da58bbf6-e619-4765-8a1b-974b05f40a78,2026-01-31T20:54:30
2024-2025,,EH Adult EHL Open/Mens,Open - Mens Division 1 North,8,Durham University M1,18,4,7,7,34,46,-12,19,https://www.englandhockey.co.uk/competitions/2025-2026-4585604-eh-adult-ehl-womens-group-4585802-womens-premier-division/table?season=14edd6a1-2d0e-447a-8550-68b42882e46d&competition-group=bd254499-a9fd-4c05-8b15-62a61dbb2399&competition=da58bbf6-e619-4765-8a1b-974b05f40a78,2026-01-31T20:54:30
2024-2025,,EH Adult EHL Open/Mens,Open - Mens Division 1 North,9,Lindum,18,3,4,11,44,63,-19,13,https://www.englandhockey.co.uk/competitions/2025-2026-4585604-eh-adult-ehl-womens-group-4585802-womens-premier-division/table?season=14edd6a1-2d0e-447a-8550-68b42882e46d&competition-group=bd254499-a9fd-4c05-8b15-62a61dbb2399&competition=da58bbf6-e619-4765-8a1b-974b05f40a78,2026-01-31T20:54:30
2024-2025,,EH Adult EHL Open/Mens,Open - Mens Division 1 North,10,Stourport 1,18,3,1,14,40,69,-29,10,https://www.englandhockey.co.uk/competitions/2025-2026-4585604-eh-adult-ehl-womens-group-4585802-womens-premier-division/table?season=14edd6a1-2d0e-447a-8550-68b42882e46d&competition-group=bd254499-a9fd-4c05-8b15-62a61dbb2399&competition=da58bbf6-e619-4765-8a1b-974b05f40a78,2026-01-31T20:54:30
2024-2025,,EH Adult EHL Open/Mens,Open - Mens Division 1 South,1,Reading,18,15,1,2,56,27,29,46,https://www.englandhockey.co.uk/competitions/2025-2026-4585604-eh-adult-ehl-womens-group-4585802-womens-premier-division/table?season=14edd6a1-2d0e-447a-8550-68b42882e46d&competition-group=bd254499-a9fd-4c05-8b15-62a61dbb2399&competition=8afe31ef-bb4f-42cc-94ff-a237d4b0514d,2026-01-31T20:55:06
2024-2025,,EH Adult EHL Open/Mens,Open - Mens Division 1 South,2,Indian Gymkhana M1,18,13,3,2,61,43,18,42,https://www.englandhockey.co.uk/competitions/2025-2026-4585604-eh-adult-ehl-womens-group-4585802-womens-premier-division/table?season=14edd6a1-2d0e-447a-8550-68b42882e46d&competition-group=bd254499-a9fd-4c05-8b15-62a61dbb2399&competition=8afe31ef-bb4f-42cc-94ff-a237d4b0514d,2026-01-31T20:55:07
2024-2025,,EH Adult EHL Open/Mens,Open - Mens Division 1 South,3,Old Loughtonians Mens 1,18,9,5,4,45,37,8,32,https://www.englandhockey.co.uk/competitions/2025-2026-4585604-eh-adult-ehl-womens-group-4585802-womens-premier-division/table?season=14edd6a1-2d0e-447a-8550-68b42882e46d&competition-group=bd254499-a9fd-4c05-8b15-62a61dbb2399&competition=8afe31ef-bb4f-42cc-94ff-a237d4b0514d,2026-01-31T20:55:07
2024-2025,,EH Adult EHL Open/Mens,Open - Mens Division 1 South,4,Sevenoaks,18,9,2,7,55,46,9,29,https://www.englandhockey.co.uk/competitions/2025-2026-4585604-eh-adult-ehl-womens-group-4585802-womens-premier-division/table?season=14edd6a1-2d0e-447a-8550-68b42882e46d&competition-group=bd254499-a9fd-4c05-8b15-62a61dbb2399&competition=8afe31ef-bb4f-42cc-94ff-a237d4b0514d,2026-01-31T20:55:07
2024-2025,,EH Adult EHL Open/Mens,Open - Mens Division 1 South,5,Teddington M1,18,8,5,5,46,41,5,29,https://www.englandhockey.co.uk/competitions/2025-2026-4585604-eh-adult-ehl-womens-group-4585802-womens-premier-division/table?season=14edd6a1-2d0e-447a-8550-68b42882e46d&competition-group=bd254499-a9fd-4c05-8b15-62a61dbb2399&competition=8afe31ef-bb4f-42cc-94ff-a237d4b0514d,2026-01-31T20:55:07
2024-2025,,EH Adult EHL Open/Mens,Open - Mens Division 1 South,6,University of Exeter M1,18,8,1,9,47,37,10,25,https://www.englandhockey.co.uk/competitions/2025-2026-4585604-eh-adult-ehl-womens-group-4585802-womens-premier-division/table?season=14edd6a1-2d0e-447a-8550-68b42882e46d&competition-group=bd254499-a9fd-4c05-8b15-62a61dbb2399&competition=8afe31ef-bb4f-42cc-94ff-a237d4b0514d,2026-01-31T20:55:07
2024-2025,,EH Adult EHL Open/Mens,Open - Mens Division 1 South,7,Havant,18,5,4,9,36,42,-6,19,https://www.englandhockey.co.uk/competitions/2025-2026-4585604-eh-adult-ehl-womens-group-4585802-womens-premier-division/table?season=14edd6a1-2d0e-447a-8550-68b42882e46d&competition-group=bd254499-a9fd-4c05-8b15-62a61dbb2399&competition=8afe31ef-bb4f-42cc-94ff-a237d4b0514d,2026-01-31T20:55:07
2024-2025,,EH Adult EHL Open/Mens,Open - Mens Division 1 South,8,Canterbury,18,4,2,12,35,47,-12,14,https://www.englandhockey.co.uk/competitions/2025-2026-4585604-eh-adult-ehl-womens-group-4585802-womens-premier-division/table?season=14edd6a1-2d0e-447a-8550-68b42882e46d&competition-group=bd254499-a9fd-4c05-8b15-62a61dbb2399&competition=8afe31ef-bb4f-42cc-94ff-a237d4b0514d,2026-01-31T20:55:07
2024-2025,,EH Adult EHL Open/Mens,Open - Mens Division 1 South,9,Team Bath Buccaneers,18,3,3,12,30,55,-25,12,https://www.englandhockey.co.uk/competitions/2025-2026-4585604-eh-adult-ehl-womens-group-4585802-womens-premier-division/table?season=14edd6a1-2d0e-447a-8550-68b42882e46d&competition-group=bd254499-a9fd-4c05-8b15-62a61dbb2399&competition=8afe31ef-bb4f-42cc-94ff-a237d4b0514d,2026-01-31T20:55:07
2024-2025,,EH Adult EHL Open/Mens,Open - Mens Division 1 South,10,University of Bristol,18,3,0,15,24,60,-36,9,https://www.englandhockey.co.uk/competitions/2025-2026-4585604-eh-adult-ehl-womens-group-4585802-womens-premier-division/table?season=14edd6a1-2d0e-447a-8550-68b42882e46d&competition-group=bd254499-a9fd-4c05-8b15-62a61dbb2399&competition=8afe31ef-bb4f-42cc-94ff-a237d4b0514d,2026-01-31T20:55:07
